time,score
63.446,4.67457
64.9999,8.96326
121.567,13.1928
121.63,17.0731
