time,score
65.8207,4.67457
124.752,4.67457
125.975,8.90407
131.408,13.1928
186.824,17.0731
