time,score
65.5753,4.67457
127.057,4.67457
134.326,8.96326
136.692,8.96326
191.082,12.8436
196.584,17.0731
