time,score
29.1428,4.67457
35.5247,8.96326
58.1233,12.8436
154.215,12.8436
166.06,17.0731
