time,score
16.8559,4.72487
28.8093,9.39944
29.474,13.7068
29.4743,18.0142
29.5239,22.3539
32.3699,26.6587
34.8679,30.9474
44.8487,34.8695
52.6463,38.6449
52.6894,42.4436
57.6672,46.324
57.9147,50.5535
61.5954,54.1022
