time,score
20.9043,4.72487
30.7671,9.39944
33.4825,13.1668
35.0476,17.4984
35.0487,21.8381
36.7763,26.1268
37.9643,30.4316
59.6021,34.312
59.918,38.5415
