time,score
20.2706,4.68973
30.2374,9.36429
34.3541,13.6717
34.403,17.9791
36.3818,22.2678
37.2521,26.5461
61.4213,30.4265
89.1197,30.4265
100.495,34.2018
100.524,37.7381
104.691,41.9676
105.215,45.8605
121.415,49.266
