time,score
18.8192,4.68973
30.0878,9.36429
32.9274,13.6717
32.9281,17.9791
35.8235,22.2574
36.0714,26.5461
58.8158,30.4265
59.1197,34.656
