time,score
16.8063,4.72487
28.9933,9.39944
29.3214,13.7068
29.3288,18.0465
29.3434,22.3539
32.2342,26.6587
35.386,30.9474
44.516,34.8695
58.1974,39.099
58.2117,42.9794
61.3097,46.5281
