time,score
19.0563,4.72487
31.0549,9.39944
31.1505,13.1336
33.1429,17.127
33.1873,21.4667
36.0624,25.7715
36.7611,30.0602
50.1501,33.9823
59.538,37.8627
60.2184,42.0922
132.631,42.0922
132.681,45.8909
132.69,49.6663
