time,score
17.2107,4.72487
29.1875,9.39944
31.2846,13.7693
31.3404,18.109
32.704,22.4138
35.1724,26.7025
48.1027,30.6246
57.8552,34.505
58.1811,38.7345
64.8351,42.2832
129.449,42.2832
129.455,46.082
129.456,49.8573
