time,reward
6.69601,5
6.74071,10
9.30942,15
9.40557,20
12.4845,25
12.5744,30
17.2081,35
17.3038,40
24.1189,45
24.22,50
