time,score
20.5632,4.68973
30.5165,9.36429
34.6875,13.6717
34.688,17.9791
36.1457,22.2678
39.3048,26.5461
41.796,26.5461
58.9257,30.4265
62.3186,34.656
63.1261,38.1922
63.1322,41.9676
67.8138,45.8605
84.1456,49.266
