time,score
6.69601,0
6.74071,4.67457
9.30942,4.67457
9.40557,9.36429
12.4845,9.36429
12.5744,13.5938
17.2081,13.5938
17.3038,17.4206
24.1189,17.4206
24.22,20.8831
