time,score
62.8797,4.67457
64.8715,8.96326
120.809,12.8436
