time,score
63.2591,4.67457
66.0565,8.96326
121.432,12.8436
205.586,12.8436
213.985,17.0731
