time,score
29.0913,4.2887
49.7931,8.96326
61.9678,8.96326
73.3754,13.1928
82.5291,17.0731
