time,score
55.381,4.67457
55.9083,4.67457
108.42,9.19853
108.88,9.19853
161.093,13.7225
161.568,13.7225
214.36,18.2464
214.877,18.2464
