time,score
64.2518,4.67457
67.1593,8.96326
122.763,13.1928
124.21,17.0731
